item,qty,spec,supplier,unit_cost_usd,make_buy,notes
1 Spine plates (pair),1,"Two 3 mm S235JR or A36 class steel plates, about 755 x 630 mm each with lightening window, tab slots and M8 holes",Local laser or waterjet shop,40.00,make,Indicative price (steel about $10 plus cutting); cut from open DXF files
2 Rear stay plates (pair),1,"Two 3 mm steel triangular plates with rear dropout slots for a 20 in wheel",Local laser or waterjet shop,38.00,make,Indicative price
3 Front bed plates,1,"3 mm steel: lower and upper yoke plates, bulkhead, two side rails, twin axle-beam plates, four wheel fork plates, two bridge plates",Local laser or waterjet shop,85.00,make,Indicative price; about 0.84 m2 of plate
4 Spacers ribs and M8 bolts,1,"Slotted 3 mm rib plates, spacer stacks, about 100 sets of M8 class 8.8 zinc-plated bolts with washers and all-metal locknuts",Laser shop plus local hardware shop,35.00,buy,Indicative price; locknut type proposed awaiting Amish
5 Kingpin and headset,1,"1 1/8 in threaded headset, 150 mm steel head tube section, steerer, two bolted clamp plates",Bicycle spares market,25.00,buy,Indicative price; clamp design open at TRL 3
6 Front wheels with drum brakes,2,"20 x 2.125 in (ISO 406) 36H steel or alloy rim, 90 mm class drum brake hub, tyre and tube",Bicycle spares market,55.00,buy,Indicative price
7 Rear wheel with 3-speed drum hub,1,"20 x 2.125 in (ISO 406) 36H rim, 3-speed hub gear with built-in drum brake, sprocket, shifter, tyre and tube",Bicycle spares market,95.00,buy,Indicative price
8 Drivetrain,1,"Bottom bracket in a clamped steel shell, 170 mm cranks, 32T chainring, 1/8 in chain, pedals, chain guard",Bicycle spares market,35.00,buy,Indicative price; chain line and Q-factor open at TRL 3
9 Cargo box and lid,1,"9 to 12 mm exterior plywood box about 800 x 700 x 380 mm, hinged lid, hasp and padlock, sealant and paint",Local carpenter,60.00,make,Indicative price; lid doubles as a counter
10 Seat and seatpost,1,"Sprung saddle, 27.2 mm steel seatpost, clamp block",Bicycle spares market,18.00,buy,Indicative price
11 Handlebar and stem,1,"Steel riser bar, stem with bulkhead bracket, grips",Bicycle spares market,15.00,buy,Indicative price
12 Brake levers cables and parking latch,1,"Two brake levers (one with parking lock), cable splitter for the two front drums, cables and housing",Bicycle spares market,22.00,buy,Indicative price
13 Primer and paint or powder coat,1,"Deburr all plates, zinc-rich primer and enamel, or powder coat",Local paint shop,35.00,buy,Indicative price; no exploded-view callout
14 Accessories,1,"Mudguards, reflectors, bell, rubber bumpers for the box",Bicycle spares market,25.00,buy,Indicative price; no exploded-view callout
15 Optional electric assist kit,1,"250 W mid-drive kit with controller and 36 V 10 Ah pack, or 48 V mid-drive on a SwapCell pack",E-bike parts supplier,400.00,buy,Optional; not included in base cost; choice proposed awaiting Amish
